r,u_r,u_theta,p
0.05,2.3749999999999996,2.3749999999999996,0.0
0.05833333333333334,0.1101117180880173,2.030789501381354,-310004.02428265114
0.06666666666666668,0.05374286968135781,1.7947722179405725,-401282.20208905276
0.07500000000000001,0.030030389919103156,1.5820974845537565,-396112.8938181659
0.08333333333333334,0.01739365557490113,1.4431866736549241,-344467.6980262191
0.09166666666666667,0.008592828186113344,1.2934666268036843,-269076.7169221433
0.10625000000000001,0.0017653308203907764,1.1197801916436925,-122988.4157916824
0.1125,0.00038339649690721084,1.0739996790062165,-59975.69492051749
0.11875,1.0,1.0,0.0
