iter,max_norm
1,21250.57220898391
2,14242.355876443733
3,4957.473561025312
4,5692.223787205439
5,6956.223477605352
6,6820.954225118767
7,6186.2301967640815
8,5247.086970001852
9,4147.814604402127
10,3205.081712228901
11,2391.1894161879172
12,1691.4340642928873
13,1138.4280487657816
14,731.260883177616
15,449.0585534181737
16,264.0721829283284
17,149.63267367365188
18,83.78238776927174
19,54.20735371383489
20,36.54254799504997
21,35.3790288149321
22,41.14650435876683
23,51.65709155575314
24,76.74254379144986
25,97.93303658229706
26,114.83807366194378
27,127.40946107023046
28,135.81948047000333
29,140.3797751856182
30,141.48602202656912
31,139.57912623100856
32,135.1173083737085
33,128.55570592696313
34,120.33146365897846
35,110.85306508764916
36,100.4930833264807
37,89.5837499476329
38,78.41484886335093
39,67.23349669780873
40,56.24540537527355
41,45.61725422213203
42,38.08932709452347
43,31.55212364117324
44,25.29776831869094
45,19.371950783228385
46,13.80693988033454
47,8.623475556189078
48,11.29675785235304
49,16.568476936634397
50,21.152516193615156
51,25.0812454411207
52,28.391569444022025
53,31.123398125782842
54,33.31839682269492
55,35.018982788489666
56,36.267534004786285
57,37.10577774705598
58,37.57432877205429
59,37.712350003246684
60,37.55731188345817
61,37.14482990055694
62,36.50856301584281
63,35.68015871736861
64,34.68923313340929
65,33.56337702975725
66,32.328180572076235
67,31.007271477254108
68,29.62236260890495
69,28.193306225381093
70,27.68192912422819
71,27.348890546883922
72,26.978217479467276
73,26.579474945436232
74,26.161437510570977
75,25.73210810685123
76,25.298738964265794
77,24.867854743846692
78,24.44527792566805
79,24.03615644693491
80,23.644993512978544
81,23.27567943064787
82,22.93152523918252
83,22.615297856915276
84,22.329256406534114
85,22.07518935322878
86,21.8544520643336
87,21.668004400853533
88,21.516447954578325
89,21.40006257191999
90,21.318841831816826
91,21.272527187567903
92,21.260640523934853
93,21.28251492975687
94,21.33732353130472
95,21.4241062803776
96,21.54179463442415
97,21.689234104618663
98,21.865204687142977
99,22.06843922121334
100,22.297639744792832
101,22.55149193975376
102,22.82867777411593
103,23.127886460046284
104,23.44782385637518
105,23.78722044234746
106,24.1448379966605
107,24.51947510946775
108,24.909971650806256
109,25.315212316418183
110,25.734129360018414
111,26.165704617887968
112,26.60897092006053
113,27.063012974744197
114,27.5269678045006
115,28.000024803492124
116,28.481425477788434
117,28.970462922632578
118,29.466481083494727
119,29.96887384096044
120,30.477083955833223
121,30.990601901212358
122,31.50896460779768
123,32.03175414238649
124,32.5585963356134
125,33.08915937469283
126,33.62315236838185
127,34.16032389740576
128,34.700460552441655
129,35.2433854687406
130,35.78895685872703
131,36.337066546228016
132,36.8876385041076
133,37.44062739626679
134,37.99601712424192
135,38.55381937904167
136,39.11407219777175
137,39.67683852261689
138,40.242204763228074
139,40.81027935887687
140,41.38119133980945
141,41.95508888330369
142,42.53213786348351
143,43.112520388749545
144,43.69643332409032
145,44.284086790983565
146,44.875702638863004
147,45.47151288125315
148,46.07175808394095
149,46.676685697369976
150,47.28654831688618
151,47.901601857010974
152,48.52210361933976
153,49.148310234202654
154,49.780475448293146
155,50.41884772969934
156,51.06366765520943
157,51.71516503897146
158,52.37355575602851
159,53.03903820441337
160,53.711789344699355
161,54.391960241177
162,55.079671021245304
163,55.77500515340944
164,56.47800293217006
165,57.18865403640666
166,57.90688901247631
167,58.63256950787036
168,59.36547705462726
169,60.1053001757391
170,60.85161955039075
171,61.60389094069251
172,62.36142553851823
173,63.12336734672135
174,63.88866716013581
175,64.65605265730119
176,65.42399406028562
177,66.19066476321314
178,66.95389627730765
179,67.7111267921282
180,68.45934261835646
181,69.19501176480844
182,69.91400891865487
183,70.61153117002686
184,71.28200395613385
185,71.91897694516229
186,72.51500995125389
187,73.06154953785881
188,73.54879777542374
189,73.96557574599865
190,74.29918592971808
191,74.53527965344256
192,74.65773844592331
193,74.6485815342603
194,74.48791590559995
195,74.15395039491705
196,73.62310105990036
197,74.43943401200522
198,76.60800572547305
199,78.77295684885758
200,80.91388468188234
201,83.00691660989833
202,85.02462788931734
203,86.93610242614523
204,88.7071754651115
205,90.3008918902051
206,91.67820117466908
207,92.79888854421733
208,93.62271178723313
209,94.11067714991805
210,94.22635227671708
211,93.93708935486211
212,93.21503005690465
213,92.03779686715279
214,90.38884721101203
215,88.25756828785234
216,85.63929522852413
217,85.70591147561208
218,85.14721621767967
219,83.40531164116692
220,80.48929976894578
221,76.45338871092827
222,71.39447131531779
223,65.44627144988044
224,58.77073899086099
225,51.547729502490256
226,43.96416474625585
227,36.20381761378667
228,28.438635042883107
229,20.82217668343219
230,15.104311441682512
231,11.268223616105388
232,11.837905145148397
233,12.276739761320641
234,12.58600635320181
235,16.10814217335428
236,20.328893711033743
237,23.96702666596684
238,27.03728632129787
239,29.560416332635214
240,31.561029510034132
241,33.065897721317015
242,34.10264085572271
243,34.69877861975692
244,34.88110147729458
245,34.67531544927624
246,34.10591746620776
247,33.19626170909032
248,31.968781607138226
249,30.44533595246321
250,28.64765035289747
251,26.5978266037273
252,24.318892373383278
253,21.8353618956462
254,21.03285459819017
255,20.504754423556733
256,19.826948087647907
257,18.987680800666567
258,18.422727081604535
259,19.79144440253731
260,20.860247422679095
261,21.593250586040085
262,21.963014300345094
263,21.952284751008847
264,21.555285188442213
265,20.778420100396033
266,19.64029875487904
267,18.171045711031184
268,16.410935321400757
269,16.676136628899258
270,17.038534768420504
271,17.02458193237544
272,16.64695367218519
273,15.926738335227128
274,14.892423337427317
275,13.57861510690418
276,12.024592240646598
277,10.272793831725721
278,9.935215624980628
279,9.652116637356812
280,9.165545435447711
281,9.6352281881409
282,10.543440546141937
283,11.217329095452442
284,11.660889560647774
285,11.880749958378146
286,11.885584395364276
287,11.68564433589927
288,11.292408207867993
289,11.618520498464932
290,12.623835355159827
291,13.42757358205563
292,14.025752261353773
293,14.417009980927105
294,14.602424770535436
295,14.585361481294967
296,14.371349266322795
297,13.967986971052596
298,13.38487173707108
299,12.633543927615392
300,11.727439617359778
301,10.884161873924313
302,11.077879457938252
303,11.136057059833547
304,11.05609023605939
305,10.83723658065719
306,10.480909541976871
307,11.168580214885878
308,11.730368742049905
309,12.098857461707667
310,12.267363296050462
311,12.2336298814771
312,12.000014669305529
313,11.573500948798028
314,10.965526302054059
315,10.191631784982746
316,9.270948954552296
317,8.225553347045206
318,8.269007061768207
319,8.354991447049542
320,8.268807460714015
321,8.01752796904475
322,7.611393607585342
323,7.063427520784899
324,6.388986902602483
325,5.605274737463333
326,5.281831238098675
327,5.323971405014163
328,5.249137032136787
329,5.215224763844162
330,5.821088142081862
331,6.2973328737862175
332,6.642226672600373
333,6.856023182277568
334,6.940763029124355
335,6.900085725486861
336,6.7390583535743644
337,6.4640240527369315
338,6.138877194083761
339,6.630075715351268
340,7.015099716460099
341,7.2910919575660955
342,7.456798335726489
343,7.5125173436972545
344,7.460045442756382
345,7.302618813002482
346,7.044851022365037
347,6.692665361479158
348,6.253219976773835
349,5.734823499122285
350,5.806716553575825
351,5.901608323169057
352,5.916933230459108
353,5.852736130487756
354,5.710322359387646
355,5.92598235681362
356,6.260689296934288
357,6.492502223060001
358,6.618491310378886
359,6.637801072196453
360,6.551685720143723
361,6.363484331508516
362,6.078534810090787
363,5.704028837644728
364,5.248813158264966
365,4.723145339958137
366,4.353436858524219
367,4.445126165141119
368,4.448411747740465
369,4.3657336681644665
370,4.201074120152043
371,3.9598226650996367
372,3.6486127167299856
373,3.275136019976344
374,2.849384075467242
375,2.937817453581374
376,2.9621312098461203
377,2.9244587301218417
378,3.0788490137201734
379,3.3954018104850547
380,3.6401671071362216
381,3.8117531671305187
382,3.9099272555904463
383,3.9355499083467294
384,3.890503415677813
385,3.777616937106359
386,3.6005898869771045
387,3.3639145016204566
388,3.6006177741946885
389,3.79099159083853
390,3.921627005416667
391,3.9919277397566475
392,4.002215608736151
393,3.9537020777206635
394,3.8484518681216286
395,3.689338775278884
396,3.479993706700043
397,3.224744847320835
398,3.0593756521120667
399,3.144119764881907
400,3.184376372853876
401,3.1800408813578542
402,3.1317202472127974
403,3.0936336687591393
404,3.3056680034351302
405,3.4628913920896593
406,3.563509609826724
407,3.606769308957155
408,3.5929683560389094
409,3.5234421032801038
410,3.4005254603980575
411,3.22749159054365
412,3.0084689920040546
413,2.748339587385999
414,2.4526211591728497
415,2.398489980478189
416,2.4314735572697828
417,2.4180977552605327
418,2.3598483044916065
419,2.2589646330015967
420,2.1183748793409904
421,1.941618930111872
422,1.7327619641582714
423,1.6040131782210665
424,1.6486129031109158
425,1.6587313899508445
426,1.6353602578456048
427,1.7795212789351353
428,1.9454670346603962
429,2.071543183468748
430,2.156922708862112
431,2.2014413700671867
432,2.2055724307283526
433,2.170394781351206
434,2.09755547514942
435,1.9892275284510106
436,1.8480636555032106
437,1.972149147419259
438,2.068265375768533
439,2.1314255683973897
440,2.161391676621861
441,2.1584509237727616
442,2.1233987134619383
443,2.0575153893296374
444,1.962537147468538
445,1.8406214032002026
446,1.694306936187786
447,1.667858443921432
448,1.708819425330148
449,1.7249774470546981
450,1.7164835390867665
451,1.6838873724482255
452,1.723795797865023
453,1.8303548997355392
454,1.90655858667742
455,1.951718417738448
456,1.9656963619199814
457,1.94889986544149
458,1.9022660209593596
459,1.8272351666819304
460,1.7257145694456995
461,1.6000331483228365
462,1.4528884636529256
463,1.2913942352606682
464,1.3279325449548196
465,1.3391849117324455
466,1.3256191805703565
467,1.2881171339540742
468,1.2279477200936526
469,1.1467337283102097
470,1.046412860887358
471,0.9291942398995161
472,0.903797599079553
473,0.925484714563936
474,0.9284260798158357
475,0.9131396277225576
476,1.0166102602233877
477,1.1036807018099353
478,1.1686256618559128
479,1.2110045608860673
480,1.230749977621599
481,1.22815629078832
482,1.2038636556681013
483,1.1588377859443426
484,1.0943459994887235
485,1.0170248064532643
486,1.0838055984058883
487,1.1327646563586313
488,1.1635245395737002
489,1.176008964976063
490,1.170436449960107
491,1.147309839609079
492,1.1074019411607878
493,1.0517375189228915
494,0.9815719271864509
495,0.898366692053969
496,0.9104170728387544
497,0.9301020852435613
498,0.9360652438917896
499,0.9284730983345071
500,0.9077113420644309
501,0.9560448033589637
502,1.0103693824639777
503,1.047929222782841
504,1.0684549601865
505,1.0719718105683569
506,1.0587936863739742
507,1.0295120723749278
508,0.9849799281073501
509,0.9262910079560243
510,0.854755097796442
511,0.7718697616219288
512,0.7197362865554169
513,0.736536318436265
514,0.7396117323660292
515,0.72926312997879
516,0.7060097600624431
517,0.6705749581306009
518,0.6238683447008952
519,0.5669652261422016
520,0.5010836850124178
521,0.5085373554902617
522,0.5187271291360958
523,0.5186790357256541
524,0.5194053671293659
525,0.576871808807482
526,0.62250724057958
527,0.6558804834494367
528,0.6767710179410642
529,0.6851662670524092
530,0.6812557863304392
531,0.6654225784877781
532,0.6382317736424739
533,0.6004169276129687
534,0.5616698486555833
535,0.5965250495501095
536,0.6215134120575385
537,0.6364561879745452
538,0.6413421609759098
539,0.6363237201730954
540,0.6217105101241032
541,0.5979608024063054
542,0.5656707594753243
543,0.5255617858638288
544,0.48038146991166286
545,0.49731473458814435
546,0.5066823004744947
547,0.5084873679734301
548,0.5028571242291946
549,0.4922791528661037
550,0.5291461803135462
551,0.5570262760738842
552,0.5756555157713592
553,0.584930608572904
554,0.5849073392746504
555,0.575796256918693
556,0.5579557251621736
557,0.531882503448287
558,0.49820007871312555
559,0.4576450123277027
560,0.41105160165170673
561,0.4009944881981937
562,0.40863530774367973
563,0.4087905373016838
564,0.401647660866729
565,0.3875112604291644
566,0.36679493516567163
567,0.34001155564328656
568,0.30776207252347376
569,0.27528280299156904
570,0.28555930928268936
571,0.29015613843512256
572,0.2891512613859959
573,0.29551723635813687
574,0.3259492526121903
575,0.34981519826396834
576,0.36689338136056904
577,0.377078683959553
578,0.38038110944035
579,0.37692255128058605
580,0.36693189349898603
581,0.35073857138922904
582,0.32876473433861975
583,0.3103937355481321
584,0.3285809824883472
585,0.3413093316630693
586,0.34849694931472186
587,0.35015462306910194
588,0.34638333827024326
589,0.33737047838803846
590,0.3233847406663699
591,0.3047698734153528
592,0.2819373543316033
593,0.2632487028313335
594,0.27180997301184107
595,0.2761938700132305
596,0.2764185961423209
597,0.27257039336836897
598,0.27328883596055675
599,0.2926018521975493
600,0.30693643690028694
601,0.3161684178048745
602,0.32026134480838664
603,0.31926514860242605
604,0.31331335318100173
605,0.3026189210067969
606,0.28746882763516624
607,0.268217489196104
608,0.24527918519743253
609,0.2191196345811477
610,0.22322629380505532
611,0.2266068689932581
612,0.2258952893607784
613,0.22120649191492703
614,0.21271857235115021
615,0.20066825034155045
616,0.18534545820148196
617,0.16708717310393695
618,0.15493184819933958
619,0.16000797496235464
620,0.1619672719098162
621,0.16085971784195863
622,0.16753105241514277
623,0.18361839790304657
624,0.19606407955870964
625,0.20475609233835712
626,0.20964677740994375
627,0.21075194574950729
628,0.20814900248660706
629,0.20197413183632307
630,0.19241861320915632
631,0.1797243489709217
632,0.17159334133611992
633,0.181065059863613
634,0.18751890816201922
635,0.19091910816496238
636,0.19128089350124355
637,0.18866902629088145
638,0.18319554907793645
639,0.17501682514557615
640,0.16432993141643237
641,0.15136847496614791
642,0.14433036057744175
643,0.14863183301349636
644,0.1506307298404863
645,0.1503451734461123
646,0.14783051979611628
647,0.1516165711946087
648,0.16173328536387999
649,0.16909455429413356
650,0.17364229341910686
651,0.1753664144926006
652,0.17430388246430084
653,0.17053700257383753
654,0.16419098401092924
655,0.15543083680677228
656,0.14445766946300864
657,0.13150446700456087
658,0.12043936520058196
659,0.1241354262601817
660,0.12555887080088723
661,0.12474309842218645
662,0.1217577336501563
663,0.11670658632647246
664,0.10972509106795769
665,0.1009772814140888
666,0.09065236378228292
667,0.08699940441874787
668,0.08947121536766645
669,0.09023207637073938
670,0.08931387116899714
671,0.09471161973488051
672,0.10319877129222732
673,0.10966755457047839
674,0.1140622704551788
675,0.11636267228459474
676,0.11658341270231176
677,0.11477293503412511
678,0.11101184494327754
679,0.1054108001262648
680,0.09810796563397162
681,0.0948792440321995
682,0.09979747665056493
683,0.10304854884452652
684,0.10461790347471833
685,0.1045190099539468
686,0.10279246635036543
687,0.09950468002352864
688,0.09474615853105206
689,0.08862944843713194
690,0.08128676196793094
691,0.0791667596786283
692,0.0813100429077167
693,0.08218560306704603
694,0.08180756864021532
695,0.08021041263418738
696,0.08408589907048736
697,0.08937800835701637
698,0.0931460816791514
699,0.09536340009071864
700,0.09602953081775922
701,0.09516971296397969
702,0.09283383049478289
703,0.0890949980384903
704,0.08404779173724819
705,0.07780616469972301
706,0.07050108826661017
707,0.0671571649145335
708,0.06895282812183723
709,0.06950080336537212
710,0.06882317498093471
711,0.06696172969532199
712,0.06397678644862026
713,0.05994574670330621
714,0.05496139626484364
715,0.04912999503721949
716,0.048748682951554656
717,0.04993133993411902
718,0.050174891875940375
719,0.04949943420069758
720,0.053421570773934945
721,0.05788921688508708
722,0.06123893598851282
723,0.06344347869162448
724,0.06449510277889203
725,0.06440522054617759
726,0.06320374121423811
727,0.06093812706239987
728,0.05767218640539795
729,0.053484628806472756
730,0.052465944972936995
731,0.05501033634936903
732,0.05663437304610852
733,0.057332873955601826
734,0.057116031952318735
735,0.05600887416221667
736,0.0540504930249881
737,0.051293064854689874
738,0.047800676969927736
739,0.043647988597513177
740,0.04344080400187522
741,0.044497383933048695
742,0.044856599444756284
743,0.044528411934152246
744,0.043533887233934365
745,0.04662344718235545
746,0.049385534308385104
747,0.051305189219419844
748,0.05237047762784641
749,0.05258386619971134
750,0.051961838486022316
751,0.05053428617247846
752,0.048343693240894936
753,0.045444130184478126
754,0.04190008022123948
755,0.037785120570333675
756,0.03739821231283713
757,0.03825687573407777
758,0.038430640430306084
759,0.037933672341750935
760,0.0367908599000657
761,0.03503714344697073
762,0.03271669348760042
763,0.0298819567397004
764,0.026592588692437857
765,0.027261404204182327
766,0.02781450399197638
767,0.02785231440793723
768,0.027387333888327703
769,0.030072584544541314
770,0.03241871911450289
771,0.034146057805628516
772,0.03524151818419341
773,0.03570273994409945
774,0.035537862189812586
775,0.034765133750624955
776,0.03341236704727635
777,0.03151624838938005
778,0.029121519401087426
779,0.029012417231569998
780,0.030323005295940675
781,0.031125840861932375
782,0.03141962943482213
783,0.031211499066557735
784,0.03051667996624019
785,0.029358058440266177
786,0.027765614562667906
787,0.02577575894247275
788,0.023430577042745426
789,0.023844851035391912
790,0.02435866030282341
791,0.02448912925319746
792,0.02424290774797555
793,0.02395690479897894
794,0.025846641903626733
795,0.027284060488454998
796,0.028256083140149713
797,0.028757630338077433
798,0.028791512362658978
799,0.028368193467031233
800,0.0275054350058781
801,0.02622782606340479
802,0.024566213061916642
803,0.02255703861010261
804,0.020241604375769384
805,0.020800308950128965
806,0.021202130505116656
807,0.021228110184893012
808,0.02088713980629109
809,0.020193947522784583
810,0.019168712897226214
811,0.017836601939052343
812,0.01622723077889532
813,0.014680967025924474
814,0.015217400970868766
815,0.015468119876459241
816,0.015436220171977766
817,0.015339941353886388
818,0.0168990110832965
819,0.018127844887203537
820,0.019014376201084815
821,0.01955247031582985
822,0.019741880692890845
823,0.019588110662880354
824,0.019102182588540018
825,0.018300323106814176
826,0.017203569412231445
827,0.015837306636967696
828,0.016042136354371905
829,0.01671380795596633
830,0.017105529535911046
831,0.017217442858964205
832,0.017054300013114698
833,0.016625274438410997
834,0.015943702484946698
835,0.015026763139758259
836,0.013895102689275518
837,0.01263501401990652
838,0.01309192314511165
839,0.01333741014241241
840,0.013372309767873958
841,0.013200911504100077
842,0.013329758236068301
843,0.014325795375043526
844,0.015071256959345192
845,0.015559760591713712
846,0.015789318218594417
847,0.015762263283249922
848,0.015485108102438971
849,0.01496833584678825
850,0.014226131272152998
851,0.013276057594339363
852,0.012138684614910744
853,0.011164470502990298
854,0.011555208286154084
855,0.011737644963432103
856,0.01171392435207963
857,0.011489537602756172
858,0.011073151326854713
859,0.010476387600647286
860,0.00971356118679978
861,0.008801377742202021
862,0.008214504705392756
863,0.00848015514202416
864,0.008588709009927697
865,0.008542331735952757
866,0.008656182122649625
867,0.00948115752544254
868,0.01012294703104999
869,0.010575498672551475
870,0.010836025234311819
871,0.010904971233685501
872,0.010785926817334257
873,0.010485492995940149
874,0.010013099468778819
875,0.009380780960782431
876,0.008602916277595796
877,0.008869286917615682
878,0.009211512428009883
879,0.009399479095009156
880,0.009433733051992022
881,0.009317342308349907
882,0.009055785601958632
883,0.008656803125631995
884,0.008130215166602284
885,0.007487709342967719
886,0.006958449608646333
887,0.007189435200416483
888,0.007303990481887013
889,0.007302929079742171
890,0.007188952877186239
891,0.007414696607156657
892,0.007938481110613793
893,0.008323539921548218
894,0.008566805598093197
895,0.00866762435180135
896,0.008627708288258873
897,0.008451050511212088
898,0.0081438039051136
899,0.0077141276124166325
900,0.007172003795858473
901,0.006529029022203758
902,0.006218388967681676
903,0.006412145172362216
904,0.006491353429737501
905,0.006457534807850607
906,0.006314036785624921
907,0.0060659341543214396
908,0.005719903128920123
909,0.005284072816721164
910,0.004767855891259387
911,0.004588460200466216
912,0.004718417709227651
913,0.004762041062349454
914,0.004720775381429121
915,0.004875968137639575
916,0.0053116554627195
917,0.005645792101859115
918,0.005875373346498236
919,0.005999189845169894
920,0.006017804931616411
921,0.0059335016121622175
922,0.005750204101786949
923,0.005473372861160897
924,0.005109877849463373
925,0.004667850735131651
926,0.00490278763754759
927,0.005075973822386004
928,0.005164209214854054
929,0.00516805071674753
930,0.005089433863759041
931,0.004931607574690133
932,0.004699048426118679
933,0.004397358003188856
934,0.004033142526168376
935,0.0038327688380377367
936,0.003948573430534452
937,0.004000297805760056
938,0.003988583077443764
939,0.003915101464372128
940,0.004123177248402499
941,0.004397917044116184
942,0.004595902064465918
943,0.004715687726275064
944,0.0047571548784617335
945,0.004721479082945734
946,0.004611080279573798
947,0.004429552776855417
948,0.0041815773147391155
949,0.0038728179351892322
950,0.0035098047519568354
951,0.0034595168253872544
952,0.00355445864261128
953,0.0035864411329384893
954,0.00355648786353413
955,0.003466618465608917
956,0.003319791445392184
957,0.0031198328506434336
958,0.002871351665817201
959,0.002579645602963865
960,0.0025590162113076076
961,0.002621622508740984
962,0.0026368074468337
963,0.0026055053458549082
964,0.0027421609411248937
965,0.0029717758879996836
966,0.0031451309187104926
967,0.0032607519096927717
968,0.003318152215797454
969,0.003317816343042068
970,0.0032611686474410817
971,0.0031505273800576106
972,0.002989044427522458
973,0.0027806334692286327
974,0.0025762495351955295
975,0.002709615306230262
976,0.002796557266265154
977,0.002836743326042779
978,0.0028306201129453257
979,0.002779387781629339
980,0.0026849610585486516
981,0.0025499212060822174
982,0.0023774569417582825
983,0.0021712971793022007
984,0.002111288282321766
985,0.0021687683765776455
986,0.0021910007926635444
987,0.0021784436685265973
988,0.002132118257577531
989,0.0022920568007975817
990,0.0024357597139896825
991,0.0025370209041284397
992,0.0025951793213607743
993,0.0026103008713107556
994,0.0025831598177319393
995,0.0025152089801849797
996,0.0024085392215056345
997,0.0022658294037682936
998,0.0020902885153191164
999,0.0018855894159059972
1000,0.0019225686701247469
1001,0.0019683979044202715
1002,0.00197964085964486
1003,0.0019569628057070076
1004,0.0019015716097783297
1005,0.0018151856202166528
1006,0.0016999922081595287
1007,0.0015586010849801823
1008,0.001393990169162862
1009,0.0014251277898438275
1010,0.001454691358958371
1011,0.00145822147896979
1012,0.0014363080845214427
1013,0.0015398508694488555
1014,0.0016605875280220062
1015,0.0017501750844530761
1016,0.0018079011351801455
1017,0.0018335960630793124
1018,0.0018276220507686958
1019,0.0017908547742990777
1020,0.001724656074657105
1021,0.001630840080906637
1022,0.00151163233385887
1023,0.0014283110213000327
1024,0.0014971552009228617
1025,0.0015403838915517554
1026,0.0015578930906485766
1027,0.0015500054869335145
1028,0.0015174548170762137
1029,0.001461363906855695
1030,0.0013832168478984386
1031,0.001284825528273359
1032,0.0011682921467581764
1033,0.0011630299413809553
1034,0.001191211908007972
1035,0.001200016777147539
1036,0.0011897541116923094
1037,0.0011759935732698068
1038,0.0012736833741655573
1039,0.0013486130046658218
1040,0.0014000884257256985
1041,0.0014278191811172292
1042,0.0014319137408165261
1043,0.0014128675684332848
1044,0.0013715460081584752
1045,0.0013091606670059264
1046,0.0012272419116925448
1047,0.0011276046716375276
1048,0.001026548765366897
1049,0.0010673448268789798
1050,0.001089040350052528
1051,0.0010917462932411581
1052,0.0010758844146039337
1053,0.0010421719052828848
1054,0.0009916034177877009
1055,0.0009254268807126209
1056,0.0008451178291579708
1057,0.0007645991136087105
1058,0.000792604943853803
1059,0.0008061924163484946
1060,0.0008054956269916147
1061,0.0007908806437626481
1062,0.0008635078993393108
1063,0.0009268369321944192
1064,0.0009729301818879321
1065,0.0010014502913691103
1066,0.001012357563013211
1067,0.0010059038031613454
1068,0.0009826207533478737
1069,0.0009433047089260072
1070,0.0008889971068128943
1071,0.0008209612860810012
1072,0.0007916339091025293
1073,0.0008270028192782775
1074,0.0008482459234073758
1075,0.0008553491643397138
1076,0.000848532043164596
1077,0.0008282384224003181
1078,0.0007951236621011049
1079,0.0007500389183405787
1080,0.0006940119346836582
1081,0.0006282263057073578
1082,0.0006406467437045649
1083,0.0006542523624375463
1084,0.0006572113779839128
1085,0.0006497257418232039
1086,0.0006559583707712591
1087,0.0007075050234561786
1088,0.0007464395894203335
1089,0.0007724204333499074
1090,0.0007853280694689602
1091,0.0007852615381125361
1092,0.000772531537222676
1093,0.0007476498285541311
1094,0.0007113165775081143
1095,0.0006644038512604311
1096,0.0006079369632061571
1097,0.0005714649450965226
1098,0.0005919822142459452
1099,0.0006019863067194819
1100,0.0006015698163537309
1101,0.0005909952014917508
1102,0.0005706857918994501
1103,0.0005412152677308768
1104,0.0005032945045968518
1105,0.0004577563231578097
1106,0.00042633648263290524
1107,0.00044027433614246547
1108,0.00044628138130065054
1109,0.0004444551159394905
1110,0.0004412748967297375
1111,0.00048361290828324854
1112,0.0005167402559891343
1113,0.0005403362738434225
1114,0.0005542452854570001
1115,0.0005584749742411077
1116,0.0005531925125978887
1117,0.0005387176934164017
1118,0.0005155142134753987
1119,0.0004841784102609381
1120,0.0004454264126252383
1121,0.00043861202721018344
1122,0.00045668437087442726
1123,0.00046697135258000344
1124,0.00046948896488174796
1125,0.0004643808206310496
1126,0.00045191319077275693
1127,0.0004324668843764812
1128,0.0004065289249410853
1129,0.0003746813745237887
1130,0.0003405485476832837
1131,0.0003528654488036409
1132,0.0003593034198274836
1133,0.00035989512980449945
1134,0.00035476878110785037
1135,0.0003657069319160655
1136,0.00039284408558160067
1137,0.00041299668373540044
1138,0.0004259992711013183
1139,0.0004318080609664321
1140,0.0004304991307435557
1141,0.00042226405639667064
1142,0.00040740401891525835
1143,0.0003863222955260426
1144,0.0003595149319153279
1145,0.00032756033760961145
1146,0.0003178046317771077
1147,0.000328031339449808
1148,0.0003324745921418071
1149,0.00033120272564701736
1150,0.0003243765386287123
1151,0.00031224475242197514
1152,0.00029513720073737204
1153,0.0002734581212280318
1154,0.00024767704599071294
1155,0.0002374212781433016
1156,0.0002442810800857842
1157,0.00024678107001818717
1158,0.0002449876337777823
1159,0.00024814187781885266
1160,0.000270526681561023
1161,0.00028780366119462997
1162,0.00029981310945004225
1163,0.0003064855991397053
1164,0.00030784170667175204
1165,0.00030398883973248303
1166,0.00029511802131310105
1167,0.00028149802528787404
1168,0.000263469890342094
1169,0.00024143853806890547
1170,0.00024292973103001714
1171,0.0002521062851883471
1172,0.0002569943753769621
1173,0.00025761587312445045
1174,0.00025406219356227666
1175,0.00024649189435876906
1176,0.0002351253933738917
1177,0.00022024079225957394
1178,0.00020216737175360322
1179,0.0001881301577668637
1180,0.0001943313400261104
1181,0.0001972962054423988
1182,0.0001970524899661541
1183,0.00019368006906006485
1184,0.00020378340559545904
1185,0.0002180346054956317
1186,0.00022842022008262575
1187,0.00023486149439122528
1188,0.00023734646674711257
1189,0.00023592868819832802
1190,0.00023072499607224017
1191,0.00022191161406226456
1192,0.0002097201213473454
1193,0.00019443240307737142
1194,0.00017637418932281435
1195,0.00017656934505794197
1196,0.00018161171465180814
1197,0.00018347427248954773
1198,0.00018220396304968745
1199,0.0001778986188583076
1200,0.00017070310423150659
1201,0.00016080708883237094
1202,0.00014843970711808652
1203,0.00013386545469984412
1204,0.00013206060975790024
1205,0.00013539045176003128
1206,0.00013632474292535335
1207,0.0001349071244476363
1208,0.0001393480779370293
1209,0.00015115935821086168
1210,0.00016014005814213306
1211,0.00016621114627923816
1212,0.00016934366431087255
1213,0.00016955767932813615
1214,0.0001669208868406713
1215,0.00016154632612597197
1216,0.00015358961536549032
1217,0.0001432450517313555
1218,0.0001307414349867031
1219,0.00013449796824716032
1220,0.000139123440021649
1221,0.000141387979965657
1222,0.0001413106801919639
1223,0.00013894894800614566
1224,0.00013439609028864652
1225,0.0001277797418879345
1226,0.00011925808212254196
1227,0.00010901724454015493
1228,0.00010391052637714893
1229,0.00010700446728151292
1230,0.00010831795225385576
1231,0.00010787139763124287
1232,0.0001057139306794852
1233,0.00011349517444614321
1234,0.00012095901183784008
1235,0.00012628480908460915
1236,0.0001294358808081597
1237,0.0001304124016314745
1238,0.00012925008195452392
1239,0.0001260195131180808
1240,0.00012082343164365739
1241,0.00011379452189430594
1242,0.00010509244748391211
1243,9.490069351159036e-05
1244,9.801131091080606e-05
1245,0.00010046416718978435
1246,0.0001011696585919708
1247,0.00010015885345637798
1248,9.749036689754575e-05
1249,9.324867278337479e-05
1250,8.754219743423164e-05
1251,8.050081669352949e-05
1252,7.227326568681747e-05
1253,7.337483111768961e-05
1254,7.496276521123946e-05
1255,7.523514796048403e-05
1256,7.421988993883133e-05
1257,7.815392746124417e-05
1258,8.437257201876491e-05
1259,8.902355330064893e-05
1260,9.20682359719649e-05
1261,9.349577885586768e-05
1262,9.332213085144758e-05
1263,9.158908505924046e-05
1264,8.836330380290747e-05
1265,8.373436867259443e-05
1266,7.781300519127399e-05
1267,7.083211676217616e-05
1268,7.443514186888933e-05
1269,7.674632070120424e-05
1270,7.775853737257421e-05
1271,7.748609641566873e-05
1272,7.596432988066226e-05
1273,7.324812759179622e-05
1274,6.941086030565202e-05
1275,6.45426771370694e-05
1276,5.8748439187183976e-05
1277,5.738074833061546e-05
1278,5.890754982829094e-05
1279,5.945541488472372e-05
1280,5.90382405789569e-05
1281,5.8133897255174816e-05
1282,6.317638326436281e-05
1283,6.70738227199763e-05
1284,6.978942838031799e-05
1285,7.130671292543411e-05
1286,7.162935798987746e-05
1287,7.078057387843728e-05
1288,6.880257569719106e-05
1289,6.575499719474465e-05
1290,6.171352288220078e-05
1291,5.676879663951695e-05
1292,5.2221177611500025e-05
1293,5.435780622065067e-05
1294,5.5530574172735214e-05
1295,5.574368697125465e-05
1296,5.501712439581752e-05
1297,5.338562186807394e-05
1298,5.089832120575011e-05
1299,4.7617097152397037e-05
1300,4.361540777608752e-05
1301,3.925860801246017e-05
1302,4.0725935832597315e-05
1303,4.146544961258769e-05
1304,4.148301377426833e-05
1305,4.079601785633713e-05
1306,4.3780935811810195e-05
1307,4.7047287807799876e-05
1308,4.9445792683400214e-05
1309,5.095820233691484e-05
1310,5.158118437975645e-05
1311,5.132608930580318e-05
1312,5.021854303777218e-05
1313,4.8297515604645014e-05
1314,4.561466630548239e-05
1315,4.2232670239172876e-05
1316,3.932233084924519e-05
1317,4.117753996979445e-05
1318,4.2320272768847644e-05
1319,4.274865204934031e-05
1320,4.247274773661047e-05
1321,4.151395114604384e-05
1322,3.990446566604078e-05
1323,3.7686346331611276e-05
1324,3.491088864393532e-05
1325,3.163695510011166e-05
1326,3.167841350659728e-05
1327,3.242171078454703e-05
1328,3.262695099692792e-05
1329,3.230350557714701e-05
1330,3.2484575058333576e-05
1331,3.514772106427699e-05
1332,3.7176243495196104e-05
1333,3.8551821489818394e-05
1334,3.9267397369258106e-05
1335,3.932716208510101e-05
1336,3.8745623896829784e-05
1337,3.754792851395905e-05
1338,3.5768491216003895e-05
1339,3.345076402183622e-05
1340,3.064563497900963e-05
1341,2.9043600079603493e-05
1342,3.0122348107397556e-05
1343,3.067046054638922e-05
1344,3.069179365411401e-05
1345,3.0198876629583538e-05
1346,2.9212373192422092e-05
1347,2.7760514058172703e-05
1348,2.5878747692331672e-05
1349,2.3608386982232332e-05
1350,2.1848667529411614e-05
1351,2.2582345991395414e-05
1352,2.2915686713531613e-05
1353,2.2852924303151667e-05
1354,2.240479807369411e-05
1355,2.4498149286955595e-05
1356,2.6209308998659253e-05
1357,2.7440430130809546e-05
1358,2.818298526108265e-05
1359,2.843656693585217e-05
1360,2.82089167740196e-05
1361,2.751551801338792e-05
1362,2.6379100745543838e-05
1363,2.482929266989231e-05
1364,2.2901658667251468e-05
1365,2.1819229004904628e-05
1366,2.276976010762155e-05
1367,2.332738949917257e-05
1368,2.349249552935362e-05
1369,2.327159745618701e-05
1370,2.2677748347632587e-05
1371,2.1729603759013116e-05
1372,2.0451348973438144e-05
1373,1.8871796783059835e-05
1374,1.702437293715775e-05
1375,1.748389331623912e-05
1376,1.7839556676335633e-05
1377,1.789962698239833e-05
1378,1.7670245142653584e-05
1379,1.8140068277716637e-05
1380,1.9543440430425107e-05
1381,2.059545658994466e-05
1382,2.1286861738190055e-05
1383,2.1615021978504956e-05
1384,2.1583211491815746e-05
1385,2.1200670744292438e-05
1386,2.0482097170315683e-05
1387,1.9447295926511288e-05
1388,1.8121092580258846e-05
1389,1.6532139852643013e-05
1390,1.6138830687850714e-05
1391,1.6679070540703833e-05
1392,1.6927209799177945e-05
1393,1.6886464436538517e-05
1394,1.6564372344873846e-05
1395,1.5973346307873726e-05
1396,1.5129277016967535e-05
1397,1.4052624464966357e-05
1398,1.2766584404744208e-05
1399,1.2147007510066032e-05
1400,1.2510237866081297e-05
1401,1.2653283192776144e-05
1402,1.2579024769365788e-05
1403,1.2542965123429894e-05
1404,1.3693817891180515e-05
1405,1.458765473216772e-05
1406,1.5216181054711342e-05
1407,1.557536597829312e-05
1408,1.5666024410165846e-05
1409,1.5493016690015793e-05
1410,1.5065685147419572e-05
1411,1.4397315680980682e-05
1412,1.3504672097042203e-05
1413,1.2408025213517249e-05
1414,1.2101183529011905e-05
1415,1.2585311196744442e-05
1416,1.2853022781200707e-05
1417,1.2905045878142118e-05
1418,1.2745818821713328e-05
1419,1.2382806744426489e-05
1420,1.1827127309516072e-05
1421,1.1092372005805373e-05
1422,1.0195086360909045e-05
1423,9.317038347944617e-06
1424,9.646770195104182e-06
1425,9.813025826588273e-06
1426,9.817042155191302e-06
1427,9.66264633461833e-06
1428,1.0123083484359086e-05
1429,1.0861054761335254e-05
1430,1.1404219549149275e-05
1431,1.1748590623028576e-05
1432,1.1893062037415802e-05
1433,1.1840136721730232e-05
1434,1.1595489922910929e-05
1435,1.1167561751790345e-05
1436,1.0568051948212087e-05
1437,9.810712072066963e-06
1438,8.912087650969625e-06
1439,8.960501872934401e-06
1440,9.228300768882036e-06
1441,9.335606591776013e-06
1442,9.284369298256934e-06
1443,9.079478331841528e-06
1444,8.727874956093729e-06
1445,8.239017915911973e-06
1446,7.624359568580985e-06
1447,6.897025741636753e-06
1448,6.746849976480007e-06
1449,6.924354238435626e-06
1450,6.980888429097831e-06
1451,6.918402505107224e-06
1452,7.0388923631981015e-06
1453,7.646754966117442e-06
1454,8.112270734272897e-06
1455,8.431103196926415e-06
1456,8.601637091487646e-06
1457,8.62468732520938e-06
1458,8.503426215611398e-06
1459,8.243281627073884e-06
1460,7.852126145735383e-06
1461,7.339462172240019e-06
1462,6.716683856211603e-06
1463,6.708141881972551e-06
1464,6.9530506152659655e-06
1465,7.078866474330425e-06
1466,7.08612788002938e-06
1467,6.977832526899874e-06
1468,6.7584041971713305e-06
1469,6.4341293182224035e-06
1470,6.012953235767782e-06
1471,5.504000000655651e-06
1472,5.1555398385971785e-06
1473,5.320820491760969e-06
1474,5.396112101152539e-06
1475,5.382447852753103e-06
1476,5.2821560529991984e-06
1477,5.645619239658117e-06
1478,6.03248190600425e-06
1479,6.311762263067067e-06
1480,6.481262971647084e-06
1481,6.54099858365953e-06
1482,6.492482498288155e-06
1483,6.339105311781168e-06
1484,6.086076609790325e-06
1485,5.739741027355194e-06
1486,5.308189429342747e-06
1487,4.800647730007768e-06
1488,4.970963345840573e-06
1489,5.102119757793844e-06
1490,5.145120667293668e-06
1491,5.101173883304e-06
1492,4.9733498599380255e-06
1493,4.7655776143074036e-06
1494,4.483314114622772e-06
1495,4.133136826567352e-06
1496,3.7222926039248705e-06
1497,3.7439458537846804e-06
1498,3.8293947000056505e-06
1499,3.8483558455482125e-06
1500,3.8021389627829194e-06
1501,3.945606295019388e-06
1502,4.2660103645175695e-06
1503,4.5074993977323174e-06
1504,4.668108886107802e-06
1505,4.7470530262216926e-06
1506,4.745044861920178e-06
1507,4.664019797928631e-06
1508,4.507368430495262e-06
1509,4.27936902269721e-06
1510,3.985653165727854e-06
1511,3.6325654946267605e-06
1512,3.716675564646721e-06
1513,3.8396683521568775e-06
1514,3.896973794326186e-06
1515,3.889348590746522e-06
1516,3.818422555923462e-06
1517,3.6869023460894823e-06
1518,3.4984986996278167e-06
1519,3.2575626391917467e-06
1520,2.969347406178713e-06
1521,2.851738827303052e-06
1522,2.933767973445356e-06
1523,2.9663206078112125e-06
1524,2.95003701467067e-06
1525,2.8864742489531636e-06
1526,3.1464151106774807e-06
1527,3.34877404384315e-06
1528,3.4915574360638857e-06
1529,3.5738630685955286e-06
1530,3.595807356759906e-06
1531,3.55852534994483e-06
1532,3.463967004790902e-06
1533,3.3149990485981107e-06
1534,3.1156669137999415e-06
1535,2.870263415388763e-06
1536,2.643646439537406e-06
1537,2.7555652195587754e-06
1538,2.818851498886943e-06
1539,2.833738108165562e-06
1540,2.8009526431560516e-06
1541,2.722314093261957e-06
1542,2.6002380764111876e-06
1543,2.4377659428864717e-06
1544,2.2385938791558146e-06
1545,2.006912836804986e-06
1546,2.075816155411303e-06
1547,2.116081304848194e-06
1548,2.1199084585532546e-06
1549,2.087908796966076e-06
1550,2.209213562309742e-06
1551,2.3777683963999152e-06
1552,2.5026092771440744e-06
1553,2.5827757781371474e-06
1554,2.617976861074567e-06
1555,2.6088091544806957e-06
1556,2.5565241230651736e-06
1557,2.4629116524010897e-06
1558,2.3305765353143215e-06
1559,2.1626765374094248e-06
1560,1.9627914298325777e-06
1561,2.0582228899002075e-06
1562,2.1193409338593483e-06
1563,2.1443702280521393e-06
1564,2.1337764337658882e-06
1565,2.088621840812266e-06
1566,2.0103907445445657e-06
1567,1.901236828416586e-06
1568,1.763677573762834e-06
1569,1.6007688827812672e-06
1570,1.576801878400147e-06
1571,1.6169942682608962e-06
1572,1.6300182323902845e-06
1573,1.6162812244147062e-06
1574,1.615044311620295e-06
1575,1.7524580471217632e-06
1576,1.857959432527423e-06
1577,1.9305007299408317e-06
1578,1.969747245311737e-06
1579,1.975859049707651e-06
1580,1.949549186974764e-06
1581,1.8919090507552028e-06
1582,1.8047430785372853e-06
1583,1.6903068171814084e-06
1584,1.5508412616327405e-06
1585,1.4696706784889102e-06
1586,1.5263794921338558e-06
1587,1.5563273336738348e-06
1588,1.559630618430674e-06
1589,1.536900526843965e-06
1590,1.4891556929796934e-06
1591,1.417778548784554e-06
1592,1.3244862202554941e-06
1593,1.2114469427615404e-06
1594,1.1112424544990063e-06
1595,1.1499651009216905e-06
1596,1.1684460332617164e-06
1597,1.1667580110952258e-06
1598,1.1458323569968343e-06
1599,1.2357922969385982e-06
1600,1.3241515262052417e-06
1601,1.388383680023253e-06
1602,1.428008545190096e-06
1603,1.4428806025534868e-06
1604,1.433450961485505e-06
1605,1.4004181139171124e-06
1606,1.344873453490436e-06
1607,1.2683012755587697e-06
1608,1.1725642252713442e-06
1609,1.0893709259107709e-06
1610,1.1392548913136125e-06
1611,1.1692463885992765e-06
1612,1.1794472811743617e-06
1613,1.170134055428207e-06
1614,1.1418596841394901e-06
1615,1.0957301128655672e-06
1616,1.032574800774455e-06
1617,9.543291525915265e-07
1618,8.622882887721062e-07
1619,8.714705472812057e-07
1620,8.908682502806187e-07
1621,8.954375516623259e-07
1622,8.852221071720123e-07
1623,9.029463399201632e-07
1624,9.754294296726584e-07
1625,1.0302028385922313e-06
1626,1.066844561137259e-06
1627,1.0850781109184027e-06
1628,1.0852672858163714e-06
1629,1.0675285011529922e-06
1630,1.0328367352485657e-06
1631,9.820068953558803e-07
1632,9.164068615064025e-07
1633,8.374045137315989e-07
1634,8.16347892396152e-07
1635,8.449133019894361e-07
1636,8.586503099650145e-07
1637,8.578354027122259e-07
1638,8.427741704508662e-07
1639,8.140923455357552e-07
1640,7.724593160673976e-07
1641,7.190392352640629e-07
1642,6.550544640049338e-07
1643,6.173504516482353e-07
1644,6.365444278344512e-07
1645,6.446352927014232e-07
1646,6.417976692318916e-07
1647,6.313639460131526e-07
1648,6.905756890773773e-07
1649,7.368071237578988e-07
1650,7.696799002587795e-07
1651,7.88975739851594e-07
1652,7.947237463667989e-07
1653,7.87113094702363e-07
1654,7.666385499760509e-07
1655,7.338676368817687e-07
1656,6.897171260789037e-07
1657,6.352638592943549e-07
1658,6.047921488061547e-07
1659,6.302434485405684e-07
1660,6.447517080232501e-07
1661,6.484042387455702e-07
1662,6.414047675207257e-07
1663,6.239715730771422e-07
1664,5.968322511762381e-07
1665,5.605397745966911e-07
1666,5.160109139978886e-07
1667,4.640605766326189e-07
1668,4.814646672457457e-07
1669,4.906614776700735e-07
1670,4.916655598208308e-07
1671,4.846078809350729e-07
1672,5.044130375608802e-07
1673,5.425681592896581e-07
1674,5.709589459002018e-07
1675,5.893234629184008e-07
1676,5.975016392767429e-07
1677,5.957263056188822e-07
1678,5.843030521646142e-07
1679,5.635374691337347e-07
1680,5.340552888810635e-07
1681,4.965404514223337e-07
1682,4.5179331209510565e-07
1683,4.5307388063520193e-07
1684,4.6737841330468655e-07
1685,4.7343201003968716e-07
1686,4.7159846872091293e-07
1687,4.618195816874504e-07
1688,4.446628736332059e-07
1689,4.2062310967594385e-07
1690,3.9007863961160183e-07
1691,3.5382981877774e-07
1692,3.4261029213666916e-07
1693,3.52083588950336e-07
1694,3.554596332833171e-07
1695,3.527675289660692e-07
1696,3.5423727240413427e-07
1697,3.8549478631466627e-07
1698,4.0965096559375525e-07
1699,4.2641477193683386e-07
1700,4.3564068619161844e-07
1701,4.3747422751039267e-07
1702,4.3197360355407e-07
1703,4.1940074879676104e-07
1704,4.0016311686486006e-07
1705,3.7478457670658827e-07
1706,3.438181011006236e-07
1707,3.3550895750522614e-07
1708,3.4844561014324427e-07
1709,3.554014256224036e-07
1710,3.563327481970191e-07
1711,3.5139964893460274e-07
1712,3.4082040656358004e-07
1713,3.2491516321897507e-07
1714,3.0406226869672537e-07
1715,2.7887290343642235e-07
1716,2.5708868633955717e-07
1717,2.658925950527191e-07
1718,2.7009809855371714e-07
1719,2.6983616407960653e-07
1720,2.652086550369859e-07
1721,2.8159411158412695e-07
1722,3.0160299502313137e-07
1723,3.162422217428684e-07
1724,3.253371687605977e-07
1725,3.288587322458625e-07
1726,3.269233275204897e-07
1727,3.1961826607584953e-07
1728,3.0732189770787954e-07
1729,2.9023794922977686e-07
1730,2.688902895897627e-07
1731,2.435990609228611e-07
1732,2.513261279091239e-07
1733,2.5836925487965345e-07
1734,2.608430804684758e-07
1735,2.5906774681061506e-07
1736,2.52955942414701e-07
1737,2.427113940939307e-07
1738,2.288434188812971e-07
1739,2.114684320986271e-07
1740,1.909647835418582e-07
1741,1.8998980522155762e-07
1742,1.946027623489499e-07
1743,1.9581057131290436e-07
1744,1.9375875126570463e-07
1745,1.985172275453806e-07
1746,2.1507730707526207e-07
1747,2.2759195417165756e-07
1748,2.3606116883456707e-07
1749,2.4032487999647856e-07
1750,2.40659574046731e-07
1751,2.3686152417212725e-07
1752,2.2933818399906158e-07
1753,2.1807500161230564e-07
1754,2.0355219021439552e-07
1755,1.8594437278807163e-07
1756,1.860898919403553e-07
1757,1.9258004613220692e-07
1758,1.9582512322813272e-07
1759,1.9565050024539232e-07
1760,1.9241997506469488e-07
1761,1.860462361946702e-07
1762,1.7677666619420052e-07
1763,1.649314071983099e-07
1764,1.5049590729176998e-07
1765,1.4239049050956964e-07
1766,1.467560650780797e-07
1767,1.486041583120823e-07
1768,1.4802208170294762e-07
1769,1.4500983525067568e-07
1770,1.5708792489022017e-07
1771,1.6766716726124287e-07
1772,1.7504498828202486e-07
1773,1.7949787434190512e-07
1774,1.8088030628859997e-07
1775,1.7929414752870798e-07
1776,1.74812157638371e-07
1777,1.675216481089592e-07
1778,1.576408976688981e-07
1779,1.4549004845321178e-07
1780,1.3347016647458076e-07
1781,1.3927638065069914e-07
1782,1.4271063264459372e-07
1783,1.4365650713443756e-07
1784,1.422304194420576e-07
1785,1.384178176522255e-07
1786,1.3245153240859509e-07
1787,1.2441887520253658e-07
1788,1.1449446901679039e-07
1789,1.0296935215592384e-07
1790,1.052685547620058e-07
1791,1.0748044587671757e-07
1792,1.0782969184219837e-07
1793,1.0641815606504679e-07
1794,1.1117663234472275e-07
1795,1.1979136615991592e-07
1796,1.2635427992790937e-07
1797,1.306034391745925e-07
1798,1.3253884389996529e-07
1799,1.3229146134108305e-07
1800,1.2984673958271742e-07
1801,1.2527743820101023e-07
1802,1.1878728400915861e-07
1803,1.1046358849853277e-07
1804,1.0048097465187311e-07
1805,1.0314397513866425e-07
1806,1.0637450031936169e-07
1807,1.0781513992697e-07
1808,1.0740768630057573e-07
1809,1.0532676242291927e-07
1810,1.0148505680263042e-07
1811,9.618815965950489e-08
1812,8.93342075869441e-08
1813,8.122879080474377e-08
1814,7.88422767072916e-08
1815,8.09086486697197e-08
1816,8.172355592250824e-08
1817,8.11705831438303e-08
1818,8.055940270423889e-08
1819,8.755887392908335e-08
1820,9.303039405494928e-08
1821,9.68866515904665e-08
1822,9.901123121380806e-08
1823,9.94332367554307e-08
1824,9.829818736761808e-08
1825,9.550421964377165e-08
1826,9.128416422754526e-08
1827,8.559436537325382e-08
1828,7.869675755500793e-08
1829,7.421476766467094e-08
1830,7.715425454080105e-08
1831,7.878406904637814e-08
1832,7.907510735094547e-08
1833,7.798371370881796e-08
1834,7.574271876364946e-08
1835,7.214839570224285e-08
1836,6.762275006622076e-08
1837,6.202026270329952e-08
1838,5.628680810332298e-08
1839,5.832407623529434e-08
1840,5.9328158386051655e-08
1841,5.929905455559492e-08
1842,5.832407623529434e-08
1843,6.215122994035482e-08
1844,6.677873898297548e-08
1845,7.009657565504313e-08
1846,7.219205144792795e-08
1847,7.30506144464016e-08
1848,7.270136848092079e-08
1849,7.11152097210288e-08
1850,6.83940015733242e-08
1851,6.461050361394882e-08
1852,5.989568307995796e-08
1853,5.454057827591896e-08
1854,5.7101715356111526e-08
1855,5.874608177691698e-08
1856,5.929905455559492e-08
1857,5.8949808590114117e-08
1858,5.7611032389104366e-08
1859,5.532638169825077e-08
1860,5.227047950029373e-08
1861,4.8370566219091415e-08
1862,4.378671292215586e-08
1863,4.359753802418709e-08
1864,4.4718035496771336e-08
1865,4.4950866140425205e-08
1866,4.4485204853117466e-08
1867,4.506728146225214e-08
1868,4.882167559117079e-08
1869,5.157198756933212e-08
1870,5.352194420993328e-08
1871,5.458423402160406e-08
1872,5.4700649343430996e-08
1873,5.3871190175414085e-08
1874,5.213951226323843e-08
1875,4.972389433532953e-08
1876,4.637695383280516e-08
1877,4.2549800127744675e-08
1878,4.1167368181049824e-08
1879,4.272442311048508e-08
1880,4.3466570787131786e-08
1881,4.348112270236015e-08
1882,4.279718268662691e-08
1883,4.141475073993206e-08
1884,3.9319274947047234e-08
1885,3.6729034036397934e-08
1886,3.346940502524376e-08
1887,3.1257513910532e-08
1888,3.2247044146060944e-08
1889,3.2698153518140316e-08
1890,3.262539394199848e-08
1891,3.1970557756721973e-08
1892,3.472086973488331e-08
1893,3.719469532370567e-08
1894,3.883906174451113e-08
1895,3.9872247725725174e-08
1896,4.025059752166271e-08
1897,3.9872247725725174e-08
1898,3.8940925151109695e-08
1899,3.735476639121771e-08
1900,3.5157427191734314e-08
1901,3.243621904402971e-08
1902,3.0297087505459785e-08
1903,3.162131179124117e-08
1904,3.239256329834461e-08
1905,3.2654497772455215e-08
1906,3.234890755265951e-08
1907,3.1504896469414234e-08
1908,3.013701643794775e-08
1909,2.837623469531536e-08
1910,2.6222551241517067e-08
1911,2.36177584156394e-08
1912,2.4068867787718773e-08
1913,2.4563632905483246e-08
1914,2.4752807803452015e-08
1915,2.435990609228611e-08
1916,2.5131157599389553e-08
1917,2.718297764658928e-08
1918,2.856540959328413e-08
1919,2.9642251320183277e-08
1920,3.007880877703428e-08
1921,3.000604920089245e-08
1922,2.9525835998356342e-08
1923,2.8405338525772095e-08
1924,2.703745849430561e-08
1925,2.5247572921216488e-08
1926,2.2948370315134525e-08
1927,2.287561073899269e-08
1928,2.3588654585182667e-08
1929,2.399610821157694e-08
1930,2.3908796720206738e-08
1931,2.342858351767063e-08
1932,2.2613676264882088e-08
1933,2.1420419216156006e-08
1934,1.992157194763422e-08
1935,1.8058926798403263e-08
1936,1.737498678267002e-08
1937,1.7826096154749393e-08
1938,1.8000719137489796e-08
1939,1.7942511476576328e-08
1940,1.7811544239521027e-08
1941,1.9397702999413013e-08
1942,2.066371962428093e-08
1943,2.153683453798294e-08
1944,2.1973391994833946e-08
1945,2.2220774553716183e-08
1946,2.191518433392048e-08
1947,2.1245796233415604e-08
1948,2.0372681319713593e-08
1949,1.9033905118703842e-08
1950,1.7578713595867157e-08
1951,1.6836565919220448e-08
1952,1.7462298274040222e-08
1953,1.7898855730891228e-08
1954,1.7957063391804695e-08
1955,1.7680577002465725e-08
1956,1.7229467630386353e-08
1957,1.645821612328291e-08
1958,1.5425030142068863e-08
1959,1.4115357771515846e-08
1960,1.2820237316191196e-08
1961,1.3344106264412403e-08
1962,1.3547833077609539e-08
1963,1.3576936908066273e-08
1964,1.3329554349184036e-08
1965,1.4057150110602379e-08
1966,1.5104888007044792e-08
1967,1.5876139514148235e-08
1968,1.6341800801455975e-08
1969,1.654552761465311e-08
1970,1.6516423784196377e-08
1971,1.6108970157802105e-08
1972,1.5541445463895798e-08
1973,1.4682882465422153e-08
1974,1.3649696484208107e-08
1975,1.2369127944111824e-08
1976,1.2689270079135895e-08
1977,1.30385160446167e-08
1978,1.3227690942585468e-08
1979,1.3154931366443634e-08
1980,1.2834789231419563e-08
1981,1.234002411365509e-08
1982,1.1612428352236748e-08
1983,1.0797521099448204e-08
1984,9.778887033462524e-09
